x,y,z,x_quat,y_quat,z_quat,w_quat,speed
89630.8766594,43131.2074836,0.0,0.0,0.0,0.9079194199866345,0.4191447563922674,20.0
89630.2198052,43131.96715,0.0,0.0,0.0,0.9073198673050793,0.4204410284373937,20.0
89629.5672529,43132.7227589,0.0,0.0,0.0,0.9066309416499838,0.42192456155438934,20.0
89628.9201501,43133.4753889,0.0,0.0,0.0,0.9058886838496847,0.4235158703910469,20.0
89628.2700722,43134.2370079,0.0,0.0,0.0,0.9050795581315338,0.4252422761819754,20.0
89627.6249239,43134.9985957,0.0,0.0,0.0,0.9041470494905645,0.42722138628292805,20.0
89626.9845064,43135.7598418,0.0,0.0,0.0,0.9030229801010834,0.4295922455181872,20.0
89626.3446041,43136.5253317,0.0,0.0,0.0,0.9016733362775733,0.4324178472797696,20.0
89625.7071972,43137.2929192,0.0,0.0,0.0,0.9000958464119783,0.43569194079292356,20.0
89625.0722172,43138.0631129,0.0,0.0,0.0,0.8982787843106137,0.4394260184120256,20.0
89624.441289,43138.8346156,0.0,0.0,0.0,0.8962040431559489,0.44364210015611677,20.0
89623.813928,43139.6105631,0.0,0.0,0.0,0.8938705913825475,0.4483250671794013,20.0
89623.1914534,43140.39267,0.0,0.0,0.0,0.8912741451908792,0.453464880794828,20.0
89622.5768151,43141.1802898,0.0,0.0,0.0,0.8884431279243361,0.45898671924579876,20.0
89621.9703582,43141.9740098,0.0,0.0,0.0,0.8853679000900984,0.4648910426003599,20.0
89621.3729818,43142.7728546,0.0,0.0,0.0,0.8820209381352747,0.4712102128466337,20.0
89620.7818261,43143.5812203,0.0,0.0,0.0,0.8783477454310437,0.4780222150655789,20.0
89620.2013349,43144.3949107,0.0,0.0,0.0,0.8743424461852679,0.48530947528227997,20.0
89619.6344343,43145.2121803,0.0,0.0,0.0,0.8700874338806939,0.4928974106271093,20.0
89619.0766186,43146.0422272,0.0,0.0,0.0,0.8653184800260447,0.5012224337810666,20.0
89618.5327499,43146.8799983,0.0,0.0,0.0,0.8597075728317598,0.5107865397753982,20.0
89618.0050495,43147.7234133,0.0,0.0,0.0,0.85297772846921,0.5219473103058455,20.0
89617.4943035,43148.5723951,0.0,0.0,0.0,0.8449224461324671,0.5348888295912789,20.0
89616.9978316,43149.4332108,0.0,0.0,0.0,0.8353292568943268,0.5497499727843302,20.0
89616.512511,43150.3133078,0.0,0.0,0.0,0.8236677581104226,0.5670726798650684,20.0
89616.0529011,43151.1875831,0.0,0.0,0.0,0.8096163528866096,0.586959420350832,20.0
89615.6133358,43152.080126,0.0,0.0,0.0,0.7930337177632627,0.6091777429376238,20.0
89615.2001755,43153.0006226,0.0,0.0,0.0,0.7733449543239138,0.6339854742986969,20.0
89614.8286923,43153.9374922,0.0,0.0,0.0,0.7511035131457647,0.6601844534219887,20.0
89614.5049292,43154.888687,0.0,0.0,0.0,0.7277382692506595,0.6858549492917978,20.0
89614.2354053,43155.8474077,0.0,0.0,0.0,0.7009265237891934,0.7132334878907449,20.0
89614.0243323,43156.8267108,0.0,0.0,0.0,0.6711948626911074,0.7412809563836545,20.0
89613.8825674,43157.8210892,0.0,0.0,0.0,0.635376915341012,0.7722021597041414,20.0
89613.8184232,43158.8070686,0.0,0.0,0.0,0.5836677058652532,0.8119926164257851,20.0
89613.8352734,43159.8248182,0.0,0.0,0.0,0.5233370891684951,0.8521257484084416,20.0
89613.9338295,43160.8539059,0.0,0.0,0.0,0.4505435500056643,0.892754450870055,20.0
89614.0947225,43161.8050007,0.0,0.0,0.0,0.3689779564687851,0.9294381462152924,20.0
89614.3568642,43162.8251363,0.0,0.0,0.0,0.278356374635895,0.9604778647629321,20.0
89614.7095892,43163.7148514,0.0,0.0,0.0,0.18704219726243804,0.9823518801545804,20.0
89615.1888322,43164.4766496,0.0,0.0,0.0,0.09922241983097695,0.9950652799705582,20.0
89615.9503444,43165.148479,0.0,0.0,0.0,0.014848836136709244,0.9998897499551563,20.0
89616.7667284,43165.6062145,0.0,0.0,0.0,-0.06215702844963365,0.9980663824687772,20.0
89617.7143792,43165.9736934,0.0,0.0,0.0,-0.14038627232038098,0.9900968106927664,20.0
89618.7554031,43166.1978023,0.0,0.0,0.0,-0.21548318953842993,0.9765075499074982,20.0
89619.737558,43166.22986,0.0,0.0,0.0,-0.27967884366193907,0.9600936123149245,20.0
89620.7259762,43166.0921037,0.0,0.0,0.0,-0.33621797421156463,0.9417841970521016,20.0
89621.6900019,43165.7861919,0.0,0.0,0.0,-0.3851885640765058,0.9228378893959002,20.0
89622.5640551,43165.3449558,0.0,0.0,0.0,-0.42536732377939884,0.9050207952642592,20.0
89623.3865677,43164.7784707,0.0,0.0,0.0,-0.4589421421420166,0.8884661558923317,20.0
89624.1489724,43164.1115277,0.0,0.0,0.0,-0.4868227433238354,0.8735007822450161,20.0
89624.8368922,43163.3764489,0.0,0.0,0.0,-0.5094690309510045,0.8604889926674509,20.0
89625.4571148,43162.5886154,0.0,0.0,0.0,-0.527827843883811,0.8493513803020322,20.0
89626.0141423,43161.7648319,0.0,0.0,0.0,-0.5427453186026224,0.8398973265435115,20.0
89626.5243768,43160.8990664,0.0,0.0,0.0,-0.5549178708111095,0.8319051368121636,20.0
89626.9891247,43160.0058708,0.0,0.0,0.0,-0.5646058959322426,0.8253606377084804,20.0
89627.4087333,43159.1108327,0.0,0.0,0.0,-0.572112904259972,0.8201748745110521,20.0
89627.8023228,43158.2045713,0.0,0.0,0.0,-0.5780332993143849,0.8160131769056961,20.0
89628.1797373,43157.281497,0.0,0.0,0.0,-0.5825851670588464,0.8127696617880222,20.0
89628.5366812,43156.3527601,0.0,0.0,0.0,-0.5855248221346697,0.8106544779770006,20.0
89628.8746593,43155.4172517,0.0,0.0,0.0,-0.5866794422188123,0.8098192588953558,20.0
89629.1967751,43154.4758455,0.0,0.0,0.0,-0.5860444300298315,0.8102789186638203,20.0
89629.5097953,43153.524025,0.0,0.0,0.0,-0.5837206441697725,0.8119545612717659,20.0
89629.8167273,43152.56772,0.0,0.0,0.0,-0.5796584064441622,0.8148595779878975,20.0
89630.1206283,43151.6123284,0.0,0.0,0.0,-0.5735725904305918,0.8191547372180304,20.0
89630.4245681,43150.6626889,0.0,0.0,0.0,-0.5652444039261876,0.8249234896826062,20.0
89630.7338435,43149.7168678,0.0,0.0,0.0,-0.5546026004958505,0.8321153498904104,20.0
89631.0548916,43148.7690509,0.0,0.0,0.0,-0.5413560453380927,0.840793453932594,20.0
89631.3874742,43147.830931,0.0,0.0,0.0,-0.5253884708638085,0.8508624769511164,20.0
89631.7353136,43146.9013507,0.0,0.0,0.0,-0.5066190527347323,0.8621700153717725,20.0
89632.1037024,43145.9807946,0.0,0.0,0.0,-0.48470848496775176,0.8746757596962813,20.0
89632.503814,43145.0647708,0.0,0.0,0.0,-0.45961629549082456,0.8881175940827267,20.0
89632.9405548,43144.1631275,0.0,0.0,0.0,-0.43166374379435335,0.9020345959515316,20.0
89633.4130739,43143.2909611,0.0,0.0,0.0,-0.40137938113070454,0.915911891179022,20.0
89633.9341644,43142.4358386,0.0,0.0,0.0,-0.36850962630608247,0.9296239322004094,20.0
89634.5039289,43141.6105529,0.0,0.0,0.0,-0.32971343491710176,0.9440810615806071,20.0
89635.1156185,43140.8336812,0.0,0.0,0.0,-0.2859869045198023,0.9582335260484166,20.0
89635.7840974,43140.0939612,0.0,0.0,0.0,-0.23584592838653298,0.9717904599570292,20.0
89636.5141748,43139.3955543,0.0,0.0,0.0,-0.17227863628008389,0.9850482584530945,20.0
89637.3019057,43138.7490835,0.0,0.0,0.0,-0.09987200946325812,0.9950002923244651,20.0
89638.1315989,43138.1723707,0.0,0.0,0.0,-0.019008512986801385,0.9998193218947264,20.0
89638.9794208,43137.6901564,0.0,0.0,0.0,0.06537187360815568,0.9978609713486941,20.0
89639.9446992,43137.2823399,0.0,0.0,0.0,0.15854132336379562,0.9873523427764054,20.0
89640.9132356,43137.0346656,0.0,0.0,0.0,0.2591767928566936,0.96582989705461,20.0
89641.8475857,43136.9666415,0.0,0.0,0.0,0.35690298800452563,0.9341414545738999,20.0
89642.851981,43137.1087217,0.0,0.0,0.0,0.45001489263012967,0.8930210503740059,20.0
89643.7756605,43137.4362656,0.0,0.0,0.0,0.534092860719944,0.8454258194117249,20.0
89644.6690804,43137.9237003,0.0,0.0,0.0,0.6082672153208684,0.7937323193405925,20.0
89645.4406904,43138.5403869,0.0,0.0,0.0,0.6698229365279544,0.7425208641520237,20.0
89646.0177848,43139.2842944,0.0,0.0,0.0,0.7170167369751842,0.6970559510523237,20.0
89646.3832524,43140.1981863,0.0,0.0,0.0,0.7523710337498996,0.6587395749263191,20.0
89646.5470537,43141.1714388,0.0,0.0,0.0,0.778467597013278,0.6276847938259877,20.0
89646.5831214,43142.1490958,0.0,0.0,0.0,0.7989775905402319,0.6013607983686047,20.0
89646.5165368,43143.1994037,0.0,0.0,0.0,0.8160984904985523,0.5779128427418657,20.0
89646.3590889,43144.1996186,0.0,0.0,0.0,0.8290169309452576,0.5592235046974563,20.0
89646.1250622,43145.1706127,0.0,0.0,0.0,0.8388393142755207,0.5443791002837767,20.0
89645.8245422,43146.1278284,0.0,0.0,0.0,0.8464499467634127,0.5324682972949806,20.0
89645.4674572,43147.0687336,0.0,0.0,0.0,0.8522702494610612,0.5231017318682673,20.0
89645.0681945,43147.9878341,0.0,0.0,0.0,0.8566650778145481,0.5158729925601786,20.0
89644.6433699,43148.8848924,0.0,0.0,0.0,0.8600949465093143,0.5101339853304618,20.0
89644.2012432,43149.776877,0.0,0.0,0.0,0.8631014157493903,0.5050306388046157,20.0
89643.7472765,43150.6654554,0.0,0.0,0.0,0.8659195325132135,0.5001833296023546,20.0
89643.2820283,43151.5455346,0.0,0.0,0.0,0.8684965007234963,0.49569529776975085,20.0
89642.8036942,43152.417256,0.0,0.0,0.0,0.8708121432191002,0.4916159183978458,20.0
89642.3117898,43153.2838067,0.0,0.0,0.0,0.8729574417993781,0.48779637637756756,20.0
89641.8078004,43154.1486758,0.0,0.0,0.0,0.8750937448323748,0.4839534458553327,20.0
89641.297542,43155.0077127,0.0,0.0,0.0,0.8773249879559812,0.4798967237938152,20.0
89640.7820953,43155.8614561,0.0,0.0,0.0,0.8796439997871834,0.47563266670657267,20.0
89640.259196,43156.7128999,0.0,0.0,0.0,0.8820044342785865,0.47124110380240647,20.0
89639.7290667,43157.5607425,0.0,0.0,0.0,0.8844067194174566,0.4667169963149534,20.0
89639.1916789,43158.4034723,0.0,0.0,0.0,0.8868991862470886,0.4619630217173794,20.0
89638.6467358,43159.239332,0.0,0.0,0.0,0.8895157216469194,0.4569045643708982,20.0
89638.0917656,43160.0697545,0.0,0.0,0.0,0.8921813022909334,0.4516774555392976,20.0
89637.5264928,43160.8946706,0.0,0.0,0.0,0.8947277836540414,0.44661190440641735,20.0
89636.954713,43161.7105548,0.0,0.0,0.0,0.8969997721604442,0.44203100427923725,20.0
89636.3750293,43162.5215273,0.0,0.0,0.0,0.8990185201614129,0.43791060778061,20.0
89635.786102,43163.328535,0.0,0.0,0.0,0.9009324606697224,0.433959331402839,20.0
89635.1883153,43164.1267553,0.0,0.0,0.0,0.9028147747679008,0.4300296297475146,20.0
89634.5812101,43164.9127851,0.0,0.0,0.0,0.9047177414649193,0.4260115119085578,20.0
89633.964234,43165.6892665,0.0,0.0,0.0,0.9067285641993799,0.4217147268769861,20.0
89633.3352683,43166.4673368,0.0,0.0,0.0,0.9091454762572675,0.4164786945342418,20.0
89632.7042978,43167.2432185,0.0,0.0,0.0,0.9126843857936812,0.40866515869157605,20.0
89632.0755092,43168.0130543,0.0,0.0,0.0,0.9181691016955463,0.3961887185314514,20.0
89631.435854,43168.7854517,0.0,0.0,0.0,0.9260020154839198,0.3775185655298535,20.0
89630.7806729,43169.5578842,0.0,0.0,0.0,0.9353018291705655,0.353850940863797,20.0
89630.1071613,43170.326637,0.0,0.0,0.0,0.9445990044236617,0.3282266303056883,20.0
89629.4368985,43171.0629439,0.0,0.0,0.0,0.9524521414924514,0.3046882310927735,20.0
89628.7622914,43171.7698466,0.0,0.0,0.0,0.9585043238591283,0.28507799133457373,20.0
89628.0399223,43172.4677447,0.0,0.0,0.0,0.9629015888888365,0.2698527934177337,20.0
89627.2835961,43173.0946009,0.0,0.0,0.0,0.9649704625810858,0.26235854540312853,20.0
89626.4741579,43173.6375432,0.0,0.0,0.0,0.9636606846132213,0.2671293412015565,20.0
89625.6134292,43174.1208126,0.0,0.0,0.0,0.9578577486299898,0.2872429866671893,20.0
89624.7107166,43174.5919111,0.0,0.0,0.0,0.9478668472850709,0.3186666594073816,20.0
89623.807026,43175.0755532,0.0,0.0,0.0,0.9325530148339155,0.3610330656936771,20.0
89622.9266291,43175.5779899,0.0,0.0,0.0,0.9106379736632617,0.41320513177170076,20.0
89622.0855098,43176.0896523,0.0,0.0,0.0,0.8824267855618381,0.4704497509012008,20.0
89621.259934,43176.6315053,0.0,0.0,0.0,0.8466386472083317,0.5321682074807231,20.0
89620.4866457,43177.2333596,0.0,0.0,0.0,0.8040707367035704,0.5945336410809547,20.0
89619.7895299,43177.9589163,0.0,0.0,0.0,0.7558626771749101,0.6547301835519558,20.0
89619.2620673,43178.7223603,0.0,0.0,0.0,0.7038226958403822,0.7103756842826033,20.0
89618.8284544,43179.6100441,0.0,0.0,0.0,0.6449550815456326,0.7642204804822142,20.0
89618.5193689,43180.6146098,0.0,0.0,0.0,0.5791445761517947,0.8152248523652589,20.0
89618.3768297,43181.6143704,0.0,0.0,0.0,0.5097088295001414,0.860346970198417,20.0
89618.3805925,43182.6154411,0.0,0.0,0.0,0.4356824583735629,0.9001004363211744,20.0
89618.5311908,43183.6129484,0.0,0.0,0.0,0.35852876563920066,0.9335186790896212,20.0
89618.8378711,43184.5616553,0.0,0.0,0.0,0.2827048349644024,0.9592069517511589,20.0
89619.3244431,43185.4528667,0.0,0.0,0.0,0.21111024626423594,0.9774622570320829,20.0
89619.9569576,43186.229181,0.0,0.0,0.0,0.14799260884274593,0.9889884669337241,20.0
89620.7025018,43186.8769552,0.0,0.0,0.0,0.09328053227174385,0.9956398657642733,20.0
89621.5397217,43187.3888485,0.0,0.0,0.0,0.0417835223696978,0.9991266872916472,20.0
89622.4524596,43187.7634553,0.0,0.0,0.0,-0.006983472038094597,0.9999756152618389,20.0
89623.4149316,43188.013336,0.0,0.0,0.0,-0.051699458885711314,0.9986626887748058,20.0
89624.4163549,43188.1627274,0.0,0.0,0.0,-0.09518337606882335,0.9954597555502387,20.0
89625.4613633,43188.2334493,0.0,0.0,0.0,-0.13934160253224315,0.9902443727705532,20.0
89626.4896076,43188.2290592,0.0,0.0,0.0,-0.1788265830246302,0.9838806092223462,20.0
89627.4513736,43188.1527441,0.0,0.0,0.0,-0.2140892217127435,0.9768141098215319,20.0
89628.4660098,43187.9691788,0.0,0.0,0.0,-0.24517185829799185,0.9694796335657131,20.0
89629.4232312,43187.6660878,0.0,0.0,0.0,-0.2667912821316848,0.9637543316522794,20.0
89630.2555034,43187.3031779,0.0,0.0,0.0,-0.27916689057114025,0.9602425981015636,20.0
89631.1052878,43186.8717664,0.0,0.0,0.0,-0.2854325529913221,0.9583987988790763,20.0
89631.9987976,43186.3564622,0.0,0.0,0.0,-0.28275567073733643,0.9591919675778561,20.0
89632.7873474,43185.8615384,0.0,0.0,0.0,-0.27016992930822076,0.9628126553476491,20.0
89633.6191638,43185.3127209,0.0,0.0,0.0,-0.25018157749263564,0.9681989352830834,20.0
89634.5035197,43184.7068906,0.0,0.0,0.0,-0.22117203472132424,0.9752348081653102,20.0
89635.3534645,43184.1103291,0.0,0.0,0.0,-0.18320627792293123,0.9830744934793221,20.0
89636.1976582,43183.5291194,0.0,0.0,0.0,-0.14103263652753567,0.9900049471765745,20.0
89637.0165631,43183.0080418,0.0,0.0,0.0,-0.09560826524725292,0.9954190371981093,20.0
89637.9388551,43182.5210918,0.0,0.0,0.0,-0.048991784210528376,0.9987991815574685,20.0
89638.8619388,43182.1610449,0.0,0.0,0.0,-0.007821355829199217,0.999969412728706,20.0
89639.7561327,43181.9142312,0.0,0.0,0.0,0.02926111252602294,0.9995718019700933,20.0
89640.716848,43181.7358587,0.0,0.0,0.0,0.06490289791781258,0.9978915842123682,20.0
89641.7330105,43181.6469855,0.0,0.0,0.0,0.0975494079531601,0.9952306833131643,20.0
89642.6783375,43181.6444423,0.0,0.0,0.0,0.12555602641540806,0.9920865306165453,20.0
89643.6885415,43181.7144442,0.0,0.0,0.0,0.15115698101140418,0.988509770862948,20.0
89644.7017475,43181.8560427,0.0,0.0,0.0,0.17279494914729443,0.9849578191725694,20.0
89645.6621305,43182.0546617,0.0,0.0,0.0,0.18929139842388537,0.9819209573497909,20.0
89646.6370821,43182.3174377,0.0,0.0,0.0,0.2010772521913497,0.9795753869157678,20.0
89647.5949839,43182.6343679,0.0,0.0,0.0,0.2070466682500823,0.9783310672602299,20.0
89648.5176315,43182.9899021,0.0,0.0,0.0,0.20644436412449607,0.9784583407183121,20.0
89649.4409578,43183.384026,0.0,0.0,0.0,0.19877709103222055,0.9800447275919443,20.0
89650.362397,43183.804364,0.0,0.0,0.0,0.1807662939913533,0.9835260784324082,20.0
89651.2755363,43184.2358153,0.0,0.0,0.0,0.15239743525352636,0.9883192913872253,20.0
89652.1800006,43184.6646418,0.0,0.0,0.0,0.11049131146089859,0.9938770900325908,20.0
89653.0744927,43185.076505,0.0,0.0,0.0,0.057451418926689646,0.9983483031804632,20.0
89654.0427787,43185.4914583,0.0,0.0,0.0,-0.008750784196340634,0.9999617111549567,20.0
89654.9733609,43185.8410046,0.0,0.0,0.0,-0.08729392891045108,0.9961825987113894,20.0
89655.8946825,43186.1142901,0.0,0.0,0.0,-0.17812022735726624,0.9840087319765998,20.0
89656.9057557,43186.2937165,0.0,0.0,0.0,-0.28190147162331003,0.9594433596083785,20.0
89657.8616269,43186.3164179,0.0,0.0,0.0,-0.3851803754554373,0.9228413072484393,20.0
89658.8523784,43186.1667702,0.0,0.0,0.0,-0.4872695147251085,0.8732516361390669,20.0
89659.7918496,43185.8521941,0.0,0.0,0.0,-0.5836369025294159,0.8120147572586776,20.0
89660.6628648,43185.3755831,0.0,0.0,0.0,-0.6769913278454364,0.7359909931664061,20.0
89661.3907672,43184.7076069,0.0,0.0,0.0,-0.7622407906876331,0.6472935786889068,20.0
89661.8870174,43183.8713949,0.0,0.0,0.0,-0.8255427396642013,0.5643396007615669,20.0
89662.1733717,43182.9058039,0.0,0.0,0.0,-0.8753279242318124,0.4835297561267833,20.0
89662.2519347,43181.8783625,0.0,0.0,0.0,-0.9114628067389157,0.4113824886059421,20.0
89662.1151098,43180.8793055,0.0,0.0,0.0,-0.9355154378805884,0.35328581274527676,20.0
89661.761565,43179.994737,0.0,0.0,0.0,-0.9502198874382338,0.3115801109135021,20.0
89661.1758206,43179.2439061,0.0,0.0,0.0,-0.9583592630946075,0.2855652689679907,20.0
89660.3830547,43178.5701845,0.0,0.0,0.0,-0.9630799930170826,0.2692153915551935,20.0
89659.6078805,43178.0218232,0.0,0.0,0.0,-0.9664099174672887,0.25700558636120774,20.0
89658.749775,43177.4624044,0.0,0.0,0.0,-0.9694007134101117,0.2454837201118773,20.0
89657.8675875,43176.9081968,0.0,0.0,0.0,-0.9720940272143597,0.23459156475493284,20.0
89657.0032312,43176.3762486,0.0,0.0,0.0,-0.974165242129096,0.22583640323818413,20.0
89656.1508867,43175.8719327,0.0,0.0,0.0,-0.9751163229324441,0.22169383561729755,20.0
89655.296822,43175.3989539,0.0,0.0,0.0,-0.9746598630116593,0.22369209068291532,20.0
89654.4231175,43174.9557166,0.0,0.0,0.0,-0.9726303350796008,0.23235798088928097,20.0
89653.5089205,43174.5310478,0.0,0.0,0.0,-0.9676896864613477,0.2521441467025134,20.0
89652.6169005,43174.1434876,0.0,0.0,0.0,-0.9586886525396147,0.2844574968106447,20.0
89651.7048287,43173.7497888,0.0,0.0,0.0,-0.9447525011369788,0.32778455057464634,20.0
89650.7716695,43173.3228806,0.0,0.0,0.0,-0.9235472666821092,0.3834846101266713,20.0
89649.8303673,43172.8413303,0.0,0.0,0.0,-0.8944291192183321,0.44720973904234085,20.0
89648.9324255,43172.3151607,0.0,0.0,0.0,-0.8585795460174674,0.5126803713430421,20.0
89648.1408555,43171.7724202,0.0,0.0,0.0,-0.8162096067000403,0.5777558982222211,20.0
89647.3675295,43171.0974945,0.0,0.0,0.0,-0.7684780137248297,0.6398761930417012,20.0
89646.7665999,43170.3365817,0.0,0.0,0.0,-0.719356054153833,0.6946415387465881,20.0
89646.3458576,43169.5222763,0.0,0.0,0.0,-0.6688265647234509,0.7434184732169543,20.0
89646.0517949,43168.5866025,0.0,0.0,0.0,-0.614979487954012,0.7885431056041395,20.0
89645.8991089,43167.5997466,0.0,0.0,0.0,-0.5577646745056479,0.8299991372728098,20.0
89645.8647715,43166.6214645,0.0,0.0,0.0,-0.499267208384528,0.8664480680525062,20.0
89645.956768,43165.5752987,0.0,0.0,0.0,-0.4392583643394715,0.8983607790625168,20.0
89646.1744258,43164.618963,0.0,0.0,0.0,-0.3834941621456123,0.9235433003385574,20.0
89646.5342757,43163.6926015,0.0,0.0,0.0,-0.3298171805737991,0.9440448227697401,20.0
89647.0566744,43162.812118,0.0,0.0,0.0,-0.27955145966649947,0.960130710579726,20.0
89647.6898381,43162.064865,0.0,0.0,0.0,-0.23518649591046104,0.9719502621746438,20.0
89648.4326218,43161.390726,0.0,0.0,0.0,-0.19194485201707503,0.9814057131401586,20.0
89649.2454315,43160.7888017,0.0,0.0,0.0,-0.14714182094422565,0.989115405061117,20.0
89650.0922787,43160.2604866,0.0,0.0,0.0,-0.09823081831465835,0.99516365806496,20.0
89650.9693801,43159.8071452,0.0,0.0,0.0,-0.048047328655889385,0.9988450601615012,20.0
89651.8931472,43159.4276167,0.0,0.0,0.0,0.0023182958807042428,0.9999973127484941,20.0
89652.8428862,43159.1305961,0.0,0.0,0.0,0.059424213847723936,0.9982328199416106,20.0
89653.8134727,43158.9170373,0.0,0.0,0.0,0.1179811423783679,0.993015835746387,20.0
89654.813126,43158.7956406,0.0,0.0,0.0,0.1767952174708876,0.9842476573908732,20.0
89655.8267419,43158.786404,0.0,0.0,0.0,0.2339761790120798,0.9722423296971322,20.0
89656.872421,43158.9088054,0.0,0.0,0.0,0.2893089167156935,0.9572357863707311,20.0
89657.8565813,43159.14302,0.0,0.0,0.0,0.3364797703892095,0.9416906945058047,20.0
89658.7364161,43159.4593464,0.0,0.0,0.0,0.37821893929292805,0.9257161735435611,20.0
89659.6700832,43159.9463249,0.0,0.0,0.0,0.41752374451304464,0.908666012772463,20.0
89660.4497367,43160.5165374,0.0,0.0,0.0,0.44735583887648667,0.894356055172164,20.0
89661.1441253,43161.1458792,0.0,0.0,0.0,0.46914806652576285,0.8831195228705673,20.0
89661.8182244,43161.8474617,0.0,0.0,0.0,0.48261605669456786,0.8758320283139831,20.0
89662.484846,43162.6423773,0.0,0.0,0.0,0.48240956196883633,0.8759457828661745,20.0
89663.0464572,43163.3946814,0.0,0.0,0.0,0.46570874338025586,0.8849380579109382,20.0
89663.6053774,43164.2351838,0.0,0.0,0.0,0.43289322108876566,0.9014452058419264,20.0
89664.1364124,43165.1493175,0.0,0.0,0.0,0.3832790990583853,0.9236325742550403,20.0
89664.6113581,43166.0690445,0.0,0.0,0.0,0.32059917208913963,0.9472149549367125,20.0
89665.0780382,43166.9689372,0.0,0.0,0.0,0.24923902036242035,0.9684420017372135,20.0
89665.5656135,43167.7781784,0.0,0.0,0.0,0.17185946810513955,0.985121476378735,20.0
89666.234863,43168.5710607,0.0,0.0,0.0,0.08659573952486277,0.9962435334275159,20.0
89667.0020305,43169.1527026,0.0,0.0,0.0,0.00672399197484185,0.9999773937104389,20.0
89667.8814001,43169.5730335,0.0,0.0,0.0,-0.0695154346224044,0.9975808760943937,20.0
89668.843813,43169.8688757,0.0,0.0,0.0,-0.14061309091091995,0.990064623478931,20.0
89669.8260174,43170.0557115,0.0,0.0,0.0,-0.20655481469621084,0.9784350303039103,20.0
89670.8109321,43170.1290933,0.0,0.0,0.0,-0.26724566754397144,0.9636284310765104,20.0
89671.7903646,43170.0182327,0.0,0.0,0.0,-0.3185064380668855,0.9479206975849537,20.0
89672.7038397,43169.7042184,0.0,0.0,0.0,-0.35865271008417104,0.933471067333787,20.0
89673.5688892,43169.2410196,0.0,0.0,0.0,-0.39318435731946794,0.9194596571678808,20.0
89674.4296145,43168.6559687,0.0,0.0,0.0,-0.42686133268737464,0.904317091874503,20.0
89675.2262338,43168.018639,0.0,0.0,0.0,-0.460161684399706,0.8878351334625283,20.0
89675.9593968,43167.3453164,0.0,0.0,0.0,-0.4933714503466103,0.869818723633196,20.0
89676.6478879,43166.6217762,0.0,0.0,0.0,-0.5266987884753412,0.8500519903033036,20.0
89677.2845109,43165.8562176,0.0,0.0,0.0,-0.5613010356959449,0.8276117128984217,20.0
89677.8643418,43165.0519776,0.0,0.0,0.0,-0.595692759013145,0.803212385897595,20.0
89678.3864837,43164.1987136,0.0,0.0,0.0,-0.6295610117077338,0.7769510489969974,20.0
89678.8399561,43163.2987377,0.0,0.0,0.0,-0.6644046349800137,0.7473730534459179,20.0
89679.2138368,43162.3668813,0.0,0.0,0.0,-0.6987883842467565,0.7153284518609668,20.0
89679.5088874,43161.4087109,0.0,0.0,0.0,-0.7326962000670814,0.6805558598728392,20.0
89679.7197023,43160.4430311,0.0,0.0,0.0,-0.7655017015204251,0.6434338699270765,20.0
89679.8479006,43159.417438,0.0,0.0,0.0,-0.7978884115646573,0.602805178055753,20.0
89679.8780536,43158.4140489,0.0,0.0,0.0,-0.8283776870101877,0.5601699810447287,20.0
89679.8157222,43157.4541385,0.0,0.0,0.0,-0.8562004115890457,0.5166438378561665,20.0
89679.6468523,43156.4574378,0.0,0.0,0.0,-0.8818364714303194,0.4715553389108467,20.0
89679.3743561,43155.505906,0.0,0.0,0.0,-0.9043810661151022,0.4267257752380457,20.0
89679.0055126,43154.5960669,0.0,0.0,0.0,-0.9238895872065619,0.3826591572813706,20.0
89678.546196,43153.7214238,0.0,0.0,0.0,-0.940599509248731,0.339518133832416,20.0
89677.9927807,43152.8867637,0.0,0.0,0.0,-0.9549897719781849,0.296638728788158,20.0
89677.3489586,43152.1115712,0.0,0.0,0.0,-0.9667791855133182,0.2556130013481416,20.0
89676.630433,43151.4089181,0.0,0.0,0.0,-0.9758605790406053,0.21839443737086014,20.0
89675.8569189,43150.7809827,0.0,0.0,0.0,-0.9826863049216893,0.1852771602744297,20.0
89675.0148108,43150.2136113,0.0,0.0,0.0,-0.987727797690357,0.15618513908101853,20.0
89674.1365637,43149.7276297,0.0,0.0,0.0,-0.9910491868516907,0.13349722559140512,20.0
89673.2547434,43149.3291493,0.0,0.0,0.0,-0.9930989943853311,0.1172791002303652,20.0
89672.3270185,43148.9910957,0.0,0.0,0.0,-0.9942295366991942,0.10727361443945801,20.0
89671.3706669,43148.7126925,0.0,0.0,0.0,-0.9945915559434803,0.10386354916873915,20.0
89670.4234351,43148.4842227,0.0,0.0,0.0,-0.9943266855726943,0.1063693675736598,20.0
89669.4620445,43148.2807045,0.0,0.0,0.0,-0.9934880072567667,0.11393673436156869,20.0
89668.44391,43148.0822632,0.0,0.0,0.0,-0.9918543032267187,0.1273775536373669,20.0
89667.4742055,43147.8995817,0.0,0.0,0.0,-0.9892954669619746,0.14592627949923476,20.0
89666.495489,43147.7101142,0.0,0.0,0.0,-0.9857766097482785,0.16806092845510018,20.0
89665.5013772,43147.5008247,0.0,0.0,0.0,-0.980270510104956,0.19766063598645384,20.0
89664.5140168,43147.2648461,0.0,0.0,0.0,-0.9714141112925198,0.23739128960803108,20.0
89663.5436452,43146.9952342,0.0,0.0,0.0,-0.9578704117365606,0.28720075612649754,20.0
89662.602417,43146.6863623,0.0,0.0,0.0,-0.938078493346977,0.34642277684913514,20.0
89661.6400339,43146.3054008,0.0,0.0,0.0,-0.9110703237477118,0.4122509735418942,20.0
89660.7058721,43145.8584415,0.0,0.0,0.0,-0.880937011790918,0.47323353775581883,20.0
89659.8901293,43145.390452,0.0,0.0,0.0,-0.8497390873258379,0.5272034554805687,20.0
89659.0736114,43144.7987899,0.0,0.0,0.0,-0.8181526149070157,0.5750011293213365,20.0
89658.4186418,43144.0964924,0.0,0.0,0.0,-0.793043333389277,0.6091652250143832,20.0
89657.9519931,43143.3108947,0.0,0.0,0.0,-0.7761000283761419,0.6306098206930746,20.0
89657.585429,43142.3957915,0.0,0.0,0.0,-0.7635134628564467,0.6457919107862512,20.0
89657.2947471,43141.3605472,0.0,0.0,0.0,-0.7536130005318472,0.6573183744802712,20.0
89657.0935878,43140.4031933,0.0,0.0,0.0,-0.7458507094591497,0.6661131429414098,20.0
89656.9205983,43139.3996056,0.0,0.0,0.0,-0.7384415740157936,0.6743174636364367,20.0
89656.7688431,43138.3972521,0.0,0.0,0.0,-0.7313114521327674,0.6820436642763154,20.0
89656.6275242,43137.3846233,0.0,0.0,0.0,-0.725091103221224,0.6886529547089943,20.0
89656.5077613,43136.4036151,0.0,0.0,0.0,-0.7215366617382453,0.692376231371087,20.0
89656.413504,43135.4298788,0.0,0.0,0.0,-0.7229968351863334,0.6908513416868681,20.0
89656.3476516,43134.454334,0.0,0.0,0.0,-0.7304982664317294,0.6829145501014297,20.0
89656.3065525,43133.4571488,0.0,0.0,0.0,-0.7447533883453581,0.667339786426756,20.0
89656.2871062,43132.4355489,0.0,0.0,0.0,-0.7666023290994788,0.6421221605109532,20.0
89656.2815808,43131.4166481,0.0,0.0,0.0,-0.7945817948614576,0.6071571223948085,20.0
89656.2675863,43130.4067437,0.0,0.0,0.0,-0.8250928420822181,0.5649971698554674,20.0
89656.2204593,43129.441317,0.0,0.0,0.0,-0.8557826576582864,0.5173355225106044,20.0
89656.0935013,43128.3962124,0.0,0.0,0.0,-0.8861151261319654,0.46346519096921507,20.0
89655.8749548,43127.441867,0.0,0.0,0.0,-0.9121509834505631,0.40985434411528515,20.0
89655.5461479,43126.542763,0.0,0.0,0.0,-0.9341328714296685,0.35692545232101686,20.0
89655.0821584,43125.6706737,0.0,0.0,0.0,-0.9526876135263214,0.3039511655406547,20.0
89654.4945453,43124.8535486,0.0,0.0,0.0,-0.9681762627254482,0.25026930354117327,20.0
89653.8327143,43124.1279072,0.0,0.0,0.0,-0.9807451765250608,0.19529182963664232,20.0
89653.0817385,43123.461062,0.0,0.0,0.0,-0.9901685373573743,0.1398794753620344,20.0
89652.258849,43122.8743737,0.0,0.0,0.0,-0.9964479265587175,0.08421122049247735,20.0
89651.3847311,43122.3859403,0.0,0.0,0.0,-0.999479086065136,0.03227315476367968,20.0
89650.468181,43121.9988682,0.0,0.0,0.0,0.9999203229091036,0.012623305167585114,20.0
89649.5207671,43121.7198375,0.0,0.0,0.0,0.9986887399117931,0.05119375717208982,20.0
89648.5438362,43121.5567954,0.0,0.0,0.0,0.9965461302945138,0.08304101513727938,20.0
89647.5368692,43121.5170513,0.0,0.0,0.0,0.994036841804961,0.10904474831196102,20.0
89646.5820271,43121.58726,0.0,0.0,0.0,0.9916188658680903,0.12919761938395838,20.0
89645.5908404,43121.7392206,0.0,0.0,0.0,0.9889607790863312,0.14817751998517467,20.0
89644.5780117,43121.9459039,0.0,0.0,0.0,0.9852276358715172,0.17124983362041898,20.0
89643.6129946,43122.1719798,0.0,0.0,0.0,0.980334176659088,0.19734462767997557,20.0
89642.6400552,43122.42712,0.0,0.0,0.0,0.9741930331260137,0.22571649077711983,20.0
89641.6791561,43122.7088463,0.0,0.0,0.0,0.9668762454197157,0.255245619047759,20.0
89640.6826975,43123.0391583,0.0,0.0,0.0,0.9581765139853621,0.28617786086079255,20.0
89639.7464597,43123.3992254,0.0,0.0,0.0,0.949405106175446,0.3140540468900059,20.0
89638.8886958,43123.7937286,0.0,0.0,0.0,0.9409917235833734,0.3384295733939225,20.0
89637.9977632,43124.304694,0.0,0.0,0.0,0.9332119107560365,0.3593264944629987,20.0
89637.1974657,43124.8640048,0.0,0.0,0.0,0.9272379222724633,0.3744727433336708,20.0
89636.4425681,43125.4619002,0.0,0.0,0.0,0.9223776404828334,0.38628938418926406,20.0
89635.6961811,43126.1043736,0.0,0.0,0.0,0.9183183936165134,0.3958425544905277,20.0
89634.9369864,43126.8074356,0.0,0.0,0.0,0.9160149691476971,0.40114408421082764,20.0
89634.2514444,43127.4812902,0.0,0.0,0.0,0.9141368790791139,0.40540568114852243,20.0
89633.5530719,43128.2018535,0.0,0.0,0.0,0.9118236246770471,0.41058212026440144,20.0
89632.8533558,43128.9559069,0.0,0.0,0.0,0.9103249482626956,0.4138942963735071,20.0
89632.1930016,43129.6939681,0.0,0.0,0.0,0.9095136788928148,0.4156739923387772,20.0
89631.5337686,43130.4480047,0.0,0.0,0.0,0.9090191091166573,0.4167544352022647,20.0
